[
  {
    "id": "SE-R001",
    "title": "Luna Drop Necklace - 92.5 Silver",
    "slug": "luna-drop-necklace",
    "price_inr": 2499,
    "price_usd": 32.00,
    "weight_g": 10,
    "purity": "92.5 Sterling Silver",
    "images": ["luna1.jpg","luna2.jpg"],
    "short": "Delicate drop necklace, hand-finished.",
    "long": "A handcrafted 92.5 sterling silver drop necklace with premium anti-tarnish finish. Hallmarked and boxed.",
    "category": "necklaces",
    "stock": 15
  },
  {
    "id": "SE-E001",
    "title": "Celeste Hoop Earrings",
    "slug": "celeste-hoop-earrings",
    "price_inr": 1499,
    "price_usd": 19.00,
    "weight_g": 8,
    "purity": "92.5 Sterling Silver",
    "images": ["celeste1.jpg"],
    "short": "Classic hoops with a modern twist.",
    "long": "Lightweight hoops crafted in 92.5 silver with smooth polish. Hallmarked and travel-safe packaging.",
    "category": "earrings",
    "stock": 30
  }
]
